[{"id":"af9d84956d3ddeab","type":"change","z":"0e3249ddee2000e3","name":"Add Headers","rules":[{"t":"set","p":"headers","pt":"msg","to":"[{\"title\":\"User ID\",\"value\":\"id\",\"sortable\":true},{\"title\":\"Full Name\",\"value\":\"name\",\"sortable\":true},{\"title\":\"User Name\",\"value\":\"username\",\"sortable\":true},{\"title\":\"Page Access\",\"value\":\"pagestxt\"},{\"title\":\"Actions\",\"value\":\"edit\"}]","tot":"json"}],"action":"","property":"","from":"","to":"","reg":false,"x":630,"y":6200,"wires":[["048ce69d359921c0"]]},{"id":"048ce69d359921c0","type":"ui-template","z":"0e3249ddee2000e3","group":"50745a3fddb8a49e","page":"","ui":"","name":"User List","order":1,"width":"0","height":"0","head":"","format":"<template>\n    <!-- Provide an input text box to search the content -->\n      <v-container fluid>\n          <v-row align=\"center\" justify=\"center\" >\n            <v-col  class=\"y-0\">\n              <v-text-field v-model=\"search\" label=\"Search\" prepend-inner-icon=\"mdi-magnify\" single-line variant=\"outlined\"\n                hide-details ></v-text-field>\n            </v-col>\n            <v-col cols=\"1\">\n              <v-btn prepend-icon=\"mdi-delete-outline\" variant=\"tonal\" @click=\"send({topic: 'new', payload: null})\">\n                New\n              </v-btn>\n            </v-col>\n          </v-row>\n      </v-container>\n    <v-data-table v-model:search=\"search\" :items=\"msg?.payload\" :headers=\"msg?.headers\">\n\n      <template v-slot:item.edit=\"{ item }\">\n\n        <v-container fluid>\n          <v-row align=\"center\" justify=\"center\">\n            <v-col cols=\"auto\">\n              <v-btn prepend-icon=\"mdi-file-edit-outline\" variant=\"tonal\" @click=\"send({topic: 'edit', payload: item})\">\n                Edit\n              </v-btn>\n            </v-col>\n            <v-col cols=\"auto\">\n              <v-btn prepend-icon=\"mdi-delete-outline\" variant=\"tonal\" @click=\"send({topic: 'delete', payload: item})\">\n                Delete\n              </v-btn>\n            </v-col>\n          </v-row>\n        </v-container>\n\n      </template>\n\n\n    </v-data-table>\n</template>\n\n<script>\n  export default {\n    data () {\n      return {\n        search: ''\n      }\n    },\n    methods: {\n        // add a function to determine the color of the progress bar given the row's item\n\n\n\n    }\n  }\n</script>","storeOutMessages":true,"passthru":true,"resendOnRefresh":true,"templateScope":"local","className":"","x":800,"y":6200,"wires":[["3293fa30c5828070","ede002a80124e1de"]]},{"id":"5ee76184e6e7d57b","type":"link in","z":"0e3249ddee2000e3","name":"User Changes","links":["a4022c88c98a4789","b0de223a78e76d30","c51fb738abba434f","d5399b3594bcedcb"],"x":215,"y":6160,"wires":[["5cf8784c631fbf1a"]]},{"id":"87583a5e57bbc79b","type":"function","z":"0e3249ddee2000e3","name":"Prep Data","func":"let useraccess = flow.get(\"useraccess\");\nif ((Array.isArray(useraccess.users) ? 1 : 0) + (Array.isArray(useraccess.sessions) ? 1 : 0) + (typeof useraccess.settings === \"object\" ? 1 : 0) !== 3) {\n    node.status({ fill: \"red\", shape: \"ring\", text: \"Invalid useraccess config\" });\n    return [null, null];\n}\n\nmsg.payload = JSON.parse(JSON.stringify(useraccess.users));\n\nfor (let i = 0; i<msg.payload.length; i++) {\n    // add index to the data\n    msg.payload[i].$index = i;\n    // delete msg.payload[i].password;\n    msg.payload[i].edit = msg.payload[i].id;\n    msg.payload[i].pagestxt = \"\";\n    for (let j = 0; j<msg.payload[i].pages.length; j++) {\n        msg.payload[i].pagestxt += msg.payload[i].pages[j] + \", \";\n    }\n    if (msg.payload[i].pagestxt !== \"\") {\n        msg.payload[i].pagestxt = msg.payload[i].pagestxt.slice(0, -2);  \n    }\n    // delete msg.payload[i].pages;\n}\n\nreturn msg;","outputs":1,"timeout":0,"noerr":0,"initialize":"","finalize":"","libs":[],"x":460,"y":6200,"wires":[["af9d84956d3ddeab","e8ea93608f3e6676"]]},{"id":"e8ea93608f3e6676","type":"debug","z":"0e3249ddee2000e3","name":"Formatted data","active":false,"tosidebar":true,"console":false,"tostatus":false,"complete":"payload","targetType":"msg","statusVal":"","statusType":"auto","x":640,"y":6160,"wires":[]},{"id":"921c9dfc0406c745","type":"inject","z":"0e3249ddee2000e3","name":"Test","props":[{"p":"payload"},{"p":"topic","vt":"str"}],"repeat":"","crontab":"","once":false,"onceDelay":0.1,"topic":"","payload":"","payloadType":"date","x":270,"y":6260,"wires":[["87583a5e57bbc79b"]]},{"id":"3293fa30c5828070","type":"debug","z":"0e3249ddee2000e3","name":"User selection","active":true,"tosidebar":true,"console":false,"tostatus":false,"complete":"payload","targetType":"msg","statusVal":"","statusType":"auto","x":1020,"y":6140,"wires":[]},{"id":"ede002a80124e1de","type":"switch","z":"0e3249ddee2000e3","name":"Topic?","property":"topic","propertyType":"msg","rules":[{"t":"eq","v":"edit","vt":"str"},{"t":"eq","v":"delete","vt":"str"},{"t":"eq","v":"new","vt":"str"}],"checkall":"true","repair":false,"outputs":3,"x":990,"y":6200,"wires":[["5e803c73a6cc05ed","ea459382a2956c7d","5617dcf752f042d0","c439a483b52b6faa","edc32fcf96a388ec","733c6d8140c3dc0f","ddfc74bb4282791a"],["13135f8955c8b4dd"],["d81d0de39ccff7e9"]]},{"id":"2935010c9908737a","type":"ui-control","z":"0e3249ddee2000e3","name":"To Edit Page","ui":"cb79bc4520925e32","events":"all","x":1530,"y":6180,"wires":[[]]},{"id":"5e803c73a6cc05ed","type":"change","z":"0e3249ddee2000e3","name":"Name","rules":[{"t":"set","p":"payload","pt":"msg","to":"payload.name","tot":"msg"},{"t":"set","p":"topic","pt":"msg","to":"name","tot":"str"}],"action":"","property":"","from":"","to":"","reg":false,"x":1250,"y":6260,"wires":[["71ac1905202880ea"]]},{"id":"ea459382a2956c7d","type":"change","z":"0e3249ddee2000e3","name":"Username","rules":[{"t":"set","p":"payload","pt":"msg","to":"payload.username","tot":"msg"},{"t":"set","p":"topic","pt":"msg","to":"username","tot":"str"}],"action":"","property":"","from":"","to":"","reg":false,"x":1270,"y":6300,"wires":[["93241bc85344a609"]]},{"id":"5617dcf752f042d0","type":"change","z":"0e3249ddee2000e3","name":"ID","rules":[{"t":"set","p":"payload","pt":"msg","to":"payload.id","tot":"msg"},{"t":"set","p":"topic","pt":"msg","to":"id","tot":"str"}],"action":"","property":"","from":"","to":"","reg":false,"x":1250,"y":6340,"wires":[["7aca66befb93d32d"]]},{"id":"4174b97a6cc4a7f8","type":"inject","z":"0e3249ddee2000e3","name":"Test Data","props":[{"p":"payload"},{"p":"topic","vt":"str"}],"repeat":"","crontab":"","once":false,"onceDelay":0.1,"topic":"","payload":"[{\"id\":\"1234ABC\",\"name\":\"Test User\",\"username\":\"a\",\"edit\":\"1234ABC\",\"pagestxt\":\"User Access\"},{\"id\":\"FHEMMEC\",\"name\":\"Second User\",\"username\":\"c\",\"edit\":\"FHEMMEC\",\"pagestxt\":\"User Access\"}]","payloadType":"json","x":460,"y":6260,"wires":[["af9d84956d3ddeab"]]},{"id":"56d54cfef030d523","type":"ui-event","z":"0e3249ddee2000e3","ui":"cb79bc4520925e32","name":"","x":70,"y":6200,"wires":[["ace762c81a0ff496"]]},{"id":"ace762c81a0ff496","type":"function","z":"0e3249ddee2000e3","name":"Detect page load","func":"let pagetitle = \"User Administration\";\n\nif ((msg.topic === \"$pageview\") && (msg.payload.page.name === pagetitle)) {\n    return msg;\n}\n","outputs":1,"timeout":0,"noerr":0,"initialize":"","finalize":"","libs":[],"x":250,"y":6200,"wires":[["87583a5e57bbc79b"]]},{"id":"71ac1905202880ea","type":"ui-text-input","z":"0e3249ddee2000e3","group":"8c3173ee8b65ede4","name":"","label":"Full Name","order":0,"width":0,"height":0,"topic":"topic","topicType":"msg","mode":"text","delay":300,"passthru":true,"sendOnDelay":true,"sendOnBlur":true,"sendOnEnter":true,"className":"","x":1450,"y":6260,"wires":[["91e5acd73ddfe7b2"]]},{"id":"93241bc85344a609","type":"ui-text-input","z":"0e3249ddee2000e3","group":"8c3173ee8b65ede4","name":"","label":"User Name","order":0,"width":0,"height":0,"topic":"topic","topicType":"msg","mode":"text","delay":300,"passthru":true,"sendOnDelay":true,"sendOnBlur":true,"sendOnEnter":true,"className":"","x":1450,"y":6300,"wires":[["91e5acd73ddfe7b2"]]},{"id":"7aca66befb93d32d","type":"ui-text-input","z":"0e3249ddee2000e3","group":"8c3173ee8b65ede4","name":"","label":"ID","order":0,"width":0,"height":0,"topic":"topic","topicType":"msg","mode":"text","delay":300,"passthru":true,"sendOnDelay":true,"sendOnBlur":true,"sendOnEnter":true,"className":"","x":1430,"y":6340,"wires":[["91e5acd73ddfe7b2"]]},{"id":"c439a483b52b6faa","type":"change","z":"0e3249ddee2000e3","name":"Password","rules":[{"t":"set","p":"payload","pt":"msg","to":"payload.password","tot":"msg"},{"t":"set","p":"topic","pt":"msg","to":"password","tot":"str"}],"action":"","property":"","from":"","to":"","reg":false,"x":1260,"y":6380,"wires":[["11d2087c565ee258"]]},{"id":"11d2087c565ee258","type":"ui-text-input","z":"0e3249ddee2000e3","group":"8c3173ee8b65ede4","name":"","label":"Password","order":0,"width":0,"height":0,"topic":"topic","topicType":"msg","mode":"password","delay":300,"passthru":true,"sendOnDelay":true,"sendOnBlur":true,"sendOnEnter":true,"className":"","x":1440,"y":6380,"wires":[["91e5acd73ddfe7b2"]]},{"id":"e576d2534074be7f","type":"ui-dropdown","z":"0e3249ddee2000e3","group":"8c3173ee8b65ede4","name":"","label":"Page access","tooltip":"","order":0,"width":0,"height":0,"passthru":true,"multiple":true,"options":[{"label":"User Access","value":"User Access","type":"str"},{"label":"Details Page","value":"Details Page","type":"str"}],"payload":"","topic":"topic","topicType":"msg","className":"","x":1450,"y":6420,"wires":[["91e5acd73ddfe7b2"]]},{"id":"edc32fcf96a388ec","type":"change","z":"0e3249ddee2000e3","name":"Pages","rules":[{"t":"set","p":"payload","pt":"msg","to":"payload.pages","tot":"msg"},{"t":"set","p":"topic","pt":"msg","to":"pages","tot":"str"}],"action":"","property":"","from":"","to":"","reg":false,"x":1250,"y":6420,"wires":[["e576d2534074be7f"]]},{"id":"91e5acd73ddfe7b2","type":"function","z":"0e3249ddee2000e3","name":"Handle changes","func":"let useraccess = flow.get(\"useraccess\");\nif ((Array.isArray(useraccess.users) ? 1 : 0) + (Array.isArray(useraccess.sessions) ? 1 : 0) + (typeof useraccess.settings === \"object\" ? 1 : 0) !== 3) {\n    node.status({ fill: \"red\", shape: \"ring\", text: \"Invalid useraccess config\" });\n    return [null, null];\n}\n\n// Context variable to store all the changes\nlet save = context.get(\"save\") ?? {};\n\n// Reset signal to delete all the data - may not be required\nif (msg.topic === \"$reset\") {\n    save = {};\n    context.set(\"save\", save);\n    return;\n}\n\n// Update request received\nif (msg.topic === \"$save\") {\n    node.status({ fill: \"green\", shape: \"ring\", text: \"Entry \" + save.$index + \" updated\" });\n    useraccess.users[save.$index] = JSON.parse(JSON.stringify(save));\n    delete useraccess.users[save.$index].$index;\n    flow.set(\"useraccess\", useraccess);\n    return [{topic : \"Save\", payload : \"User details updated\"}];\n}\n\nnode.status({ fill: \"yellow\", shape: \"ring\", text: \"Current index: \" + save.$index});\n\n// Store anything else\nsave[msg.topic] = msg.payload;\ncontext.set(\"save\", save);\nreturn;\n","outputs":1,"timeout":0,"noerr":0,"initialize":"","finalize":"","libs":[],"x":1720,"y":6340,"wires":[["00d69659217a85f5"]]},{"id":"bad62835336154bb","type":"ui-button","z":"0e3249ddee2000e3","group":"8c3173ee8b65ede4","name":"","label":"Back to User List","order":0,"width":"3","height":"1","emulateClick":false,"tooltip":"","color":"","bgcolor":"","className":"","icon":"arrow-left","iconPosition":"left","payload":"","payloadType":"str","topic":"$back","topicType":"str","x":1430,"y":6460,"wires":[["e31b996c5216b0d3"]]},{"id":"285fe6b5b05419cd","type":"ui-button","z":"0e3249ddee2000e3","group":"8c3173ee8b65ede4","name":"","label":"Update User","order":0,"width":"3","height":"1","emulateClick":false,"tooltip":"","color":"","bgcolor":"","className":"","icon":"content-save","iconPosition":"left","payload":"","payloadType":"str","topic":"$save","topicType":"str","x":1450,"y":6500,"wires":[["91e5acd73ddfe7b2"]]},{"id":"4d666e108f752a8a","type":"ui-control","z":"0e3249ddee2000e3","name":"To User List","ui":"cb79bc4520925e32","events":"all","x":1910,"y":6460,"wires":[[]]},{"id":"e31b996c5216b0d3","type":"change","z":"0e3249ddee2000e3","name":"To Userlist","rules":[{"t":"set","p":"payload","pt":"msg","to":" { \"page\": \"User Administration\" }","tot":"json"}],"action":"","property":"","from":"","to":"","reg":false,"x":1710,"y":6460,"wires":[["4d666e108f752a8a","b0de223a78e76d30"]]},{"id":"733c6d8140c3dc0f","type":"change","z":"0e3249ddee2000e3","name":"To User details","rules":[{"t":"set","p":"payload","pt":"msg","to":"{ \"page\": \"User Details\" }","tot":"json"}],"action":"","property":"","from":"","to":"","reg":false,"x":1320,"y":6180,"wires":[["2935010c9908737a"]]},{"id":"00d69659217a85f5","type":"ui-notification","z":"0e3249ddee2000e3","ui":"cb79bc4520925e32","position":"top right","colorDefault":true,"color":"#000000","displayTime":"5","showCountdown":true,"outputs":1,"allowDismiss":true,"dismissText":"Close","raw":false,"className":"","name":"Notification","x":1950,"y":6340,"wires":[[]]},{"id":"ddfc74bb4282791a","type":"change","z":"0e3249ddee2000e3","name":"Index","rules":[{"t":"set","p":"payload","pt":"msg","to":"payload.$index","tot":"msg"},{"t":"set","p":"topic","pt":"msg","to":"$index","tot":"str"}],"action":"","property":"","from":"","to":"","reg":false,"x":1470,"y":6220,"wires":[["91e5acd73ddfe7b2"]]},{"id":"b0de223a78e76d30","type":"link out","z":"0e3249ddee2000e3","name":"link out 75","mode":"link","links":["5ee76184e6e7d57b"],"x":1855,"y":6420,"wires":[]},{"id":"2ff23d6f9a1190f3","type":"comment","z":"0e3249ddee2000e3","name":"User Administration","info":"","x":130,"y":6080,"wires":[]},{"id":"117b4cc5f302f389","type":"function","z":"0e3249ddee2000e3","name":"Delete user","func":"let useraccess = flow.get(\"useraccess\");\nif ((Array.isArray(useraccess.users) ? 1 : 0) + (Array.isArray(useraccess.sessions) ? 1 : 0) + (typeof useraccess.settings === \"object\" ? 1 : 0) !== 3) {\n    node.status({ fill: \"red\", shape: \"ring\", text: \"Invalid useraccess config\" });\n    return [null, null];\n}\n\nif (msg.payload === \"confirm_clicked\") {\n\n    let index = msg.selected.$index;\n\n    node.status({fill:\"green\",shape:\"ring\",text:\"User \" + index + \" deleted\"});\n\n    useraccess.users.splice(index,1);\n\n    flow.set(\"useraccess\", useraccess);\n\n    return msg;\n\n}\n","outputs":1,"timeout":0,"noerr":0,"initialize":"","finalize":"","libs":[],"x":1630,"y":6560,"wires":[["c51fb738abba434f"]]},{"id":"c51fb738abba434f","type":"link out","z":"0e3249ddee2000e3","name":"link out 77","mode":"link","links":["5ee76184e6e7d57b"],"x":1785,"y":6560,"wires":[]},{"id":"d81d0de39ccff7e9","type":"function","z":"0e3249ddee2000e3","name":"New user","func":"let useraccess = flow.get(\"useraccess\");\nif ((Array.isArray(useraccess.users) ? 1 : 0) + (Array.isArray(useraccess.sessions) ? 1 : 0) + (typeof useraccess.settings === \"object\" ? 1 : 0) !== 3) {\n    node.status({ fill: \"red\", shape: \"ring\", text: \"Invalid useraccess config\" });\n    return [null, null];\n}\n\n// New template user\nlet newuser = {\n    \"id\": \"NEW\",\n    \"name\": \"New User\",\n    \"username\": \"aaa\",\n    \"password\": \"bbb\",\n    \"pages\": [\n        \"User Access\"\n    ] //,\n    // \"$index\": useraccess.users.length\n};\n\n// Add to the array\nuseraccess.users.push(JSON.parse(JSON.stringify(newuser)));\n// Store in the context\nflow.set(\"useraccess\", useraccess);\n\n// Add the index to the structure as well\nnewuser.$index = useraccess.users.length-1;\n\nnode.status({ fill: \"green\", shape: \"ring\", text: \"User \" + newuser.$index + \" created\" });\n\n// return in the payload for the new screen\nmsg.payload = newuser;\n\nreturn msg;\n","outputs":1,"timeout":0,"noerr":0,"initialize":"","finalize":"","libs":[],"x":940,"y":6320,"wires":[["733c6d8140c3dc0f","ddfc74bb4282791a","5e803c73a6cc05ed","ea459382a2956c7d","5617dcf752f042d0","c439a483b52b6faa","edc32fcf96a388ec"]]},{"id":"5cf8784c631fbf1a","type":"change","z":"0e3249ddee2000e3","name":"Topic","rules":[{"t":"set","p":"topic","pt":"msg","to":"","tot":"str"}],"action":"","property":"","from":"","to":"","reg":false,"x":310,"y":6160,"wires":[["87583a5e57bbc79b"]]},{"id":"dbadc2d99bc5d652","type":"ui-notification","z":"0e3249ddee2000e3","ui":"cb79bc4520925e32","position":"center center","colorDefault":true,"color":"#000000","displayTime":"0","showCountdown":false,"outputs":1,"allowDismiss":true,"dismissText":"No","allowConfirm":true,"confirmText":"Yes","raw":false,"className":"","name":"Dialog","x":1450,"y":6560,"wires":[["117b4cc5f302f389"]]},{"id":"13135f8955c8b4dd","type":"change","z":"0e3249ddee2000e3","name":"Confirmation","rules":[{"t":"set","p":"selected","pt":"msg","to":"payload","tot":"msg"},{"t":"set","p":"payload","pt":"msg","to":"Are you sure you want to delete the user?","tot":"str"}],"action":"","property":"","from":"","to":"","reg":false,"x":1270,"y":6560,"wires":[["dbadc2d99bc5d652"]]},{"id":"50745a3fddb8a49e","type":"ui-group","name":"User List","page":"4a3e5c66d6086fee","width":"12","height":"1","order":1,"showTitle":true,"className":"","visible":"true","disabled":"false"},{"id":"cb79bc4520925e32","type":"ui-base","name":"My UI","path":"/dashboard","includeClientData":true,"acceptsClientConfig":["ui-notification","ui-control","ui-text"],"showPathInSidebar":false},{"id":"8c3173ee8b65ede4","type":"ui-group","name":"User Details","page":"3c09c41d22450231","width":"6","height":"1","order":1,"showTitle":true,"className":"","visible":"true","disabled":"false"},{"id":"4a3e5c66d6086fee","type":"ui-page","name":"User Administration","ui":"cb79bc4520925e32","path":"/page15","icon":"home","layout":"grid","theme":"0d92c765bfad87e6","order":17,"className":"","visible":"true","disabled":"false"},{"id":"3c09c41d22450231","type":"ui-page","name":"User Details","ui":"cb79bc4520925e32","path":"/userdetails","icon":"home","layout":"grid","theme":"0d92c765bfad87e6","breakpoints":[{"name":"Default","px":0,"cols":3},{"name":"Tablet","px":576,"cols":6},{"name":"Small Desktop","px":768,"cols":9},{"name":"Desktop","px":1024,"cols":12}],"order":1,"className":"","visible":false,"disabled":false},{"id":"0d92c765bfad87e6","type":"ui-theme","name":"Basic Blue Theme","colors":{"surface":"#4d58ff","primary":"#0094ce","bgPage":"#eeeeee","groupBg":"#ffffff","groupOutline":"#cccccc"},"sizes":{"pagePadding":"12px","groupGap":"12px","groupBorderRadius":"4px","widgetGap":"12px"}}]