[{"id":"66e1fc87b4e35c36","type":"comment","z":"0e3249ddee2000e3","name":"In-Line table editing","info":"","x":150,"y":6660,"wires":[]},{"id":"b866b43824d73aab","type":"inject","z":"0e3249ddee2000e3","name":"Sample data","props":[{"p":"payload"},{"p":"topic","vt":"str"}],"repeat":"","crontab":"","once":false,"onceDelay":0.1,"topic":"","payload":"[{\"name\":\"Living Room\",\"mode\":\"heating\",\"enabled\":true,\"interval\":50},{\"name\":\"Kitchen\",\"mode\":\"cooling\",\"enabled\":true,\"interval\":80},{\"name\":\"Bedroom\",\"mode\":\"heating\",\"enabled\":true,\"interval\":200}]","payloadType":"json","x":170,"y":6740,"wires":[["0caeb309b15911d2"]]},{"id":"7968db0ea4fd0604","type":"function","z":"0e3249ddee2000e3","name":"Prep Data","func":"// Get data from the flow context\nmsg.payload = flow.get(\"inline\") ?? [];\n\n// Add $index and edit field\nfor (let i = 0; i<msg.payload.length; i++) {\n    // add index to the data\n    msg.payload[i].$index = i;\n    msg.payload[i].edit = \"edit\";\n}\n\nreturn msg;","outputs":1,"timeout":0,"noerr":0,"initialize":"","finalize":"","libs":[],"x":490,"y":6820,"wires":[["d5fd48dbd6ac5d97"]]},{"id":"d5fd48dbd6ac5d97","type":"change","z":"0e3249ddee2000e3","name":"Add Headers","rules":[{"t":"set","p":"headers","pt":"msg","to":"[{\"title\":\"Room name\",\"value\":\"name\",\"sortable\":true},{\"title\":\"Mode\",\"value\":\"mode\",\"sortable\":true},{\"title\":\"Enabled\",\"value\":\"enabled\",\"sortable\":true},{\"title\":\"Interval\",\"value\":\"interval\",\"sortable\":true},{\"title\":\"Actions\",\"value\":\"edit\"}]","tot":"json"}],"action":"","property":"","from":"","to":"","reg":false,"x":660,"y":6820,"wires":[["b548b9d8e27df080"]]},{"id":"b548b9d8e27df080","type":"ui-template","z":"0e3249ddee2000e3","group":"2fa93bc790219419","page":"","ui":"","name":"Data List","order":1,"width":"0","height":"0","head":"","format":"<template>\n    <!-- Provide an input text box to search the content -->\n    <v-text-field v-model=\"search\" label=\"Search\" prepend-inner-icon=\"mdi-magnify\" single-line variant=\"outlined\"\n        hide-details></v-text-field>\n    <v-data-table v-model:search=\"search\" :items=\"msg?.payload\" :headers=\"msg?.headers\">\n\n      <template v-slot:item.mode=\"{ item }\">\n        <v-combobox v-model=\"item.mode\" :items=\"['heating', 'cooling']\" density=\"compact\" variant=\"outlined\"></v-combobox>\n      </template>\n\n      <template v-slot:item.enabled=\"{ item }\">\n        <v-checkbox v-model=\"item.enabled\"></v-checkbox>\n      </template>\n\n      <template v-slot:item.interval=\"{ item }\">\n        <v-text-field v-model=\"item.interval\" density=\"compact\" variant=\"outlined\" type=\"number\"></v-text-field>\n      </template>\n\n      <template v-slot:item.edit=\"{ item }\">\n        <v-btn prepend-icon=\"mdi-content-save\" variant=\"tonal\" @click=\"send({topic: 'save', payload: item})\">\n          Save changes\n        </v-btn>\n      </template>\n\n    </v-data-table>\n</template>\n\n<script>\n  export default {\n    data () {\n      return {\n        search: ''\n      }\n    },\n    methods: {\n        // add a function to determine the color of the progress bar given the row's item\n\n\n\n    }\n  }\n</script>","storeOutMessages":true,"passthru":true,"resendOnRefresh":true,"templateScope":"local","className":"","x":850,"y":6820,"wires":[["fa80de36ba696681","23ca2ff74e7a152a"]]},{"id":"fa80de36ba696681","type":"debug","z":"0e3249ddee2000e3","name":"debug 383","active":true,"tosidebar":true,"console":false,"tostatus":false,"complete":"false","statusVal":"","statusType":"auto","x":1050,"y":6740,"wires":[]},{"id":"5e6892c7cac991c7","type":"ui-event","z":"0e3249ddee2000e3","ui":"cb79bc4520925e32","name":"","x":110,"y":6820,"wires":[["8725e5fdbee721bd"]]},{"id":"8725e5fdbee721bd","type":"function","z":"0e3249ddee2000e3","name":"Detect page load","func":"let pagetitle = \"Tables\";\n\nif ((msg.topic === \"$pageview\") && (msg.payload.page.name === pagetitle)) {\n    return msg;\n}\n","outputs":1,"timeout":0,"noerr":0,"initialize":"","finalize":"","libs":[],"x":290,"y":6820,"wires":[["7968db0ea4fd0604"]]},{"id":"0caeb309b15911d2","type":"change","z":"0e3249ddee2000e3","name":"","rules":[{"t":"set","p":"inline","pt":"flow","to":"payload","tot":"msg"}],"action":"","property":"","from":"","to":"","reg":false,"x":370,"y":6740,"wires":[["7968db0ea4fd0604"]]},{"id":"23ca2ff74e7a152a","type":"function","z":"0e3249ddee2000e3","name":"Update Data","func":"let inline = flow.get(\"inline\");\n\n// Update request received\nif (msg.topic === \"save\") {\n    inline[msg.payload.$index] = msg.payload;\n    // remove the technical fields\n    delete inline[msg.payload.$index].edit;\n    delete inline[msg.payload.$index].$index;\n    flow.set(\"inline\", inline);\n    return [{topic : \"Save\", payload : \"Information updated\"}];\n}\n\n","outputs":1,"timeout":0,"noerr":0,"initialize":"","finalize":"","libs":[],"x":1050,"y":6820,"wires":[["e403f84f6f4938fb"]]},{"id":"e403f84f6f4938fb","type":"ui-notification","z":"0e3249ddee2000e3","ui":"cb79bc4520925e32","position":"top right","colorDefault":true,"color":"#000000","displayTime":"5","showCountdown":true,"outputs":1,"allowDismiss":true,"dismissText":"Close","raw":false,"className":"","name":"Notification","x":1230,"y":6820,"wires":[[]]},{"id":"2fa93bc790219419","type":"ui-group","name":"In-Line Editing","page":"c466b7e4bb472f99","width":"6","height":"1","order":-1,"showTitle":true,"className":"","visible":"true","disabled":"false"},{"id":"cb79bc4520925e32","type":"ui-base","name":"My UI","path":"/dashboard","includeClientData":true,"acceptsClientConfig":["ui-notification","ui-control","ui-text"],"showPathInSidebar":false},{"id":"c466b7e4bb472f99","type":"ui-page","name":"Tables","ui":"cb79bc4520925e32","path":"/tables","icon":"table","layout":"notebook","theme":"0d92c765bfad87e6","order":10,"className":"","visible":"true","disabled":"false"},{"id":"0d92c765bfad87e6","type":"ui-theme","name":"Basic Blue Theme","colors":{"surface":"#4d58ff","primary":"#0094ce","bgPage":"#eeeeee","groupBg":"#ffffff","groupOutline":"#cccccc"},"sizes":{"pagePadding":"12px","groupGap":"12px","groupBorderRadius":"4px","widgetGap":"12px"}}]