[{"id":"1319969d3a7547b6","type":"ui-template","z":"0e3249ddee2000e3","group":"fb2e77ec2c2a5dd1","page":"","ui":"","name":"Temp List","order":6,"width":"0","height":"0","head":"","format":"<template>\n    <v-data-table :items=\"msg?.payload\">\n        <template v-slot:header.current>\n            <!-- Override how we render the header for the \"current\" column -->\n            <div class=\"text-center\">Current Temperature</div>\n        </template>\n        <template v-slot:header.target>\n          <!-- Override how we render the header for the \"current\" column -->\n          <div class=\"text-center\">Target Temperature</div>\n        </template>\n\n        <template v-slot:item.target=\"{ item }\">\n            <v-btn class=\"ma-2\" variant=\"text\" icon=\"mdi-plus\" color=\"red-lighten-2\" @click=\"send({topic: 'plus', payload: item})\">\n            </v-btn>\n            <v-btn class=\"ma-2\" variant=\"text\" icon=\"mdi-minus\" color=\"blue-lighten-2\"\n              @click=\"send({topic: 'minus', payload: item})\"></v-btn>\n            {{ item.target }}°C\n        </template>\n\n        <template v-slot:item.current=\"{ item }\">\n            <!-- Render a Linear Progress Bar for the \"current\" column -->\n            <v-progress-linear v-model=\"item.current\" min=\"15\" max=\"25\" height=\"25\" :color=\"getColor(item)\">\n                <template v-slot:default=\"{ value }\">\n                    <strong>{{ item.current }}°C</strong>\n                </template>\n            </v-progress-linear>\n        </template>\n\n    </v-data-table>\n</template>\n\n<script>\n    export default {\n    data () {\n      return {\n        search: ''\n      }\n    },\n    methods: {\n        // add a function to determine the color of the progress bar given the row's item\n      getColor: function (item) {\n        if (item !== undefined ) {\n          if (item.current > item.target) {\n            return 'red'\n          } else {\n            return 'green'\n          }\n        }\n      }\n    }\n  }\n</script>","storeOutMessages":true,"passthru":false,"resendOnRefresh":true,"templateScope":"local","className":"","x":1840,"y":3540,"wires":[["c5faf3a05c33fb6a","48e936484016c5b1"]]},{"id":"7f2faaca383c9278","type":"inject","z":"0e3249ddee2000e3","name":"Temperatures","props":[{"p":"payload"},{"p":"topic","vt":"str"}],"repeat":"","crontab":"","once":false,"onceDelay":0.1,"topic":"","payload":"[{\"Room\":\"Living Room\",\"id\":\"1234\",\"target\":18.5,\"current\":20},{\"Room\":\"Bathroom Room\",\"id\":\"5678\",\"target\":19.5,\"current\":18},{\"Room\":\"Kitchen Room\",\"id\":\"9101\",\"target\":18,\"current\":17}]","payloadType":"json","x":1430,"y":3540,"wires":[["55ced8a04613a907"]]},{"id":"55ced8a04613a907","type":"function","z":"0e3249ddee2000e3","name":"Change Values","func":"let data = flow.get(\"data\") ?? [];\n\nif (msg.topic === \"update\") {\n    if (data.length>0) {\n        for (let i=0; i<data.length; i++) {\n            data[i].current += Math.floor(Math.random()*5-2);\n        }\n        context.set(\"data\", data);\n        msg.payload = data;\n        return msg;\n    }\n} else {\n    flow.set(\"data\", msg.payload);\n    return msg;\n} \n","outputs":1,"timeout":0,"noerr":0,"initialize":"","finalize":"","libs":[],"x":1660,"y":3540,"wires":[["1319969d3a7547b6"]]},{"id":"31fe1c087ff71f99","type":"inject","z":"0e3249ddee2000e3","name":"Update","props":[{"p":"payload"},{"p":"topic","vt":"str"}],"repeat":"2","crontab":"","once":false,"onceDelay":0.1,"topic":"update","payload":"","payloadType":"date","x":1450,"y":3580,"wires":[["55ced8a04613a907"]]},{"id":"c5faf3a05c33fb6a","type":"debug","z":"0e3249ddee2000e3","name":"debug 351","active":true,"tosidebar":true,"console":false,"tostatus":false,"complete":"false","statusVal":"","statusType":"auto","x":2020,"y":3540,"wires":[]},{"id":"48e936484016c5b1","type":"function","z":"0e3249ddee2000e3","name":"Change target temp","func":"let data = flow.get(\"data\") ?? [];\n\nif ((msg.topic === \"plus\") || (msg.topic === \"minus\")) {\n    for (let i=0; i<data.length; i++) {\n        if (data[i].id === msg.payload.id) {\n            if (msg.topic === \"plus\") {\n                data[i].target += 0.5;\n            } else {\n                data[i].target -= 0.5;\n            }\n        }\n    }\n    msg.payload = data;\n    return msg;\n}\n\n","outputs":1,"timeout":0,"noerr":0,"initialize":"","finalize":"","libs":[],"x":2040,"y":3600,"wires":[["55ced8a04613a907"]]},{"id":"fb2e77ec2c2a5dd1","type":"ui-group","name":"Table examples","page":"c466b7e4bb472f99","width":"6","height":"1","order":1,"showTitle":false,"className":"","visible":"true","disabled":"false"},{"id":"c466b7e4bb472f99","type":"ui-page","name":"Tables","ui":"cb79bc4520925e32","path":"/tables","icon":"table","layout":"notebook","theme":"0d92c765bfad87e6","order":10,"className":"","visible":"true","disabled":"false"},{"id":"cb79bc4520925e32","type":"ui-base","name":"My UI","path":"/dashboard","includeClientData":true,"acceptsClientConfig":["ui-notification","ui-control","ui-text"],"showPathInSidebar":false},{"id":"0d92c765bfad87e6","type":"ui-theme","name":"Basic Blue Theme","colors":{"surface":"#4d58ff","primary":"#0094ce","bgPage":"#eeeeee","groupBg":"#ffffff","groupOutline":"#cccccc"},"sizes":{"pagePadding":"12px","groupGap":"12px","groupBorderRadius":"4px","widgetGap":"12px"}}]